Tower,Entity,Global_Flag,Entity_Name,Metric_Name,Metric,Metric_Type,Business_Unit,Market,Country,Region,GFS_Non_GFS_SilkRoad,ERP,Commercial_Factory_NA,Commercial_Factory_Headquar_Hub_Finco_NA,Inscope_Out_of_Scope,Month_Year,Month,Year,ESL,MSL,Total_Count,Met_Count,Notmet_Count,Exception_Count,Met_Per,Met_Status,Met_Status_Count,Notmet_Status_Count,month_sort
Tower 1,Entity 1,Summary,Entity Name 1,KPI05 - Aged Overdue Invoices,KPI05,KPI,BU 1,NAC,Canada,NAC,GFS,SAP Turbo,Commercial,Commercial,In Scope,Jan-23,Jan,2023,0.55,0.7,63,55,8,,0.873,Not Met,0,1,202301
Tower 1,Entity 1,Summary,Entity Name 1,KPI05 - Aged Overdue Invoices,KPI05,KPI,BU 1,NAC,Canada,NAC,GFS,SAP Turbo,Commercial,Commercial,In Scope,Jul-23,Jul,2023,0.55,0.7,55,54,1,,0.9818,Not Met,0,1,202307
Tower 1,Entity 1,Summary,Entity Name 1,KPI05 - Aged Overdue Invoices,KPI05,KPI,BU 1,NAC,Canada,NAC,GFS,SAP Turbo,Commercial,Commercial,In Scope,Jun-23,Jun,2023,0.55,0.7,64,61,3,,0.9531,Not Met,0,1,202306
Tower 1,Entity 1,Summary,Entity Name 1,KPI05 - Aged Overdue Invoices,KPI05,KPI,BU 1,NAC,Canada,NAC,GFS,SAP Turbo,Commercial,Commercial,In Scope,Mar-23,Mar,2023,0.55,0.7,52,50,2,,0.9615,Not Met,0,1,202303
Tower 1,Entity 1,Summary,Entity Name 1,KPI05 - Aged Overdue Invoices,KPI05,KPI,BU 1,NAC,Canada,NAC,GFS,SAP Turbo,Commercial,Commercial,In Scope,May-23,May,2023,0.55,0.7,52,51,1,,0.9808,Not Met,0,1,202305
Tower 1,Entity 2,Summary,Entity Name 2,KPI05 - Aged Overdue Invoices,KPI05,KPI,BU 1,DACH,Switzerland,EUANZ,GFS,SAP Turbo,Commercial,Commercial,In Scope,Jul-23,Jul,2023,0.55,0.7,19,6,13,,0.3158,Met,1,0,202307
Tower 1,Entity 2,Summary,Entity Name 2,KPI05 - Aged Overdue Invoices,KPI05,KPI,BU 1,DACH,Switzerland,EUANZ,GFS,SAP Turbo,Commercial,Commercial,In Scope,Apr-23,Apr,2023,0.55,0.7,9,7,2,,0.7778,Not Met,0,1,202304
Tower 1,Entity 2,Summary,Entity Name 2,KPI05 - Aged Overdue Invoices,KPI05,KPI,BU 1,DACH,Switzerland,EUANZ,GFS,SAP Turbo,Commercial,Commercial,In Scope,Feb-23,Feb,2023,0.55,0.7,4,2,2,,0.5,Met,1,0,202302
Tower 1,Entity 2,Summary,Entity Name 2,KPI05 - Aged Overdue Invoices,KPI05,KPI,BU 1,DACH,Switzerland,EUANZ,GFS,SAP Turbo,Commercial,Commercial,In Scope,Jan-23,Jan,2023,0.55,0.7,9,4,5,,0.4444,Met,1,0,202301
